Id,Name,IsDeleted,CreatedDate,LastModifiedDate,SystemModstamp,LastViewedDate,LastReferencedDate,FinServ__CreateInverseRole__c,FinServ__InverseRelationship__c,FinServ__InverseRole__c,FinServ__RelationshipType__c,FinServ__SourceSystemId__c,FinServ__InverseRelationship__r.Id,FinServ__InverseRelationship__r.Name
a0E3h00000041XPEAY,Grandparent,false,2020-06-11T01:48:18.000+0000,2020-06-11T01:48:18.000+0000,2020-06-11T01:48:18.000+0000,,,true,a0E3h00000041XVEAY,Grandchild,,,a0E3h00000041XVEAY,Grandchild
a0E3h00000041XREAY,Business,false,2020-06-11T01:48:18.000+0000,2020-06-11T01:48:18.000+0000,2020-06-11T01:48:18.000+0000,,,true,a0E3h00000041XXEAY,Proprietor,,,a0E3h00000041XXEAY,Proprietor
a0E3h00000041XTEAY,Client,false,2020-06-11T01:48:18.000+0000,2020-06-11T01:48:18.000+0000,2020-06-11T01:48:18.000+0000,,,false,a0E3h00000041XNEAY,Lawyer,,,a0E3h00000041XNEAY,Lawyer
a0E3h00000041XYEAY,Ex-Spouse,false,2020-06-11T01:48:18.000+0000,2020-06-11T01:48:18.000+0000,2020-06-11T01:48:18.000+0000,,,false,,Ex-Spouse,,,,
a0E3h00000041XVEAY,Grandchild,false,2020-06-11T01:48:18.000+0000,2020-06-11T01:48:18.000+0000,2020-06-11T01:48:18.000+0000,,,false,a0E3h00000041XPEAY,Grandparent,,,a0E3h00000041XPEAY,Grandparent
a0E3h00000041XQEAY,Power of Attorney,false,2020-06-11T01:48:18.000+0000,2020-06-11T01:48:18.000+0000,2020-06-11T01:48:18.000+0000,,,true,a0E3h00000041XWEAY,Client,,,a0E3h00000041XWEAY,Client
a0E3h00000041XMEAY,Accountant,false,2020-06-11T01:48:18.000+0000,2020-06-11T01:48:18.000+0000,2020-06-11T01:48:18.000+0000,,,true,a0E3h00000041XSEAY,Client,,,a0E3h00000041XSEAY,Client
a0E3h00000041XWEAY,Client,false,2020-06-11T01:48:18.000+0000,2020-06-11T01:48:18.000+0000,2020-06-11T01:48:18.000+0000,,,false,a0E3h00000041XQEAY,Power of Attorney,,,a0E3h00000041XQEAY,Power of Attorney
a0E3h00000041XOEAY,Parent,false,2020-06-11T01:48:18.000+0000,2020-06-11T01:48:18.000+0000,2020-06-11T01:48:18.000+0000,,,true,a0E3h00000041XUEAY,Dependent,,,a0E3h00000041XUEAY,Dependent
a0E3h00000041XUEAY,Dependent,false,2020-06-11T01:48:18.000+0000,2020-06-11T01:48:18.000+0000,2020-06-11T01:48:18.000+0000,,,false,a0E3h00000041XOEAY,Parent,,,a0E3h00000041XOEAY,Parent
a0E3h00000041XSEAY,Client,false,2020-06-11T01:48:18.000+0000,2020-06-11T01:48:18.000+0000,2020-06-11T01:48:18.000+0000,,,false,a0E3h00000041XMEAY,Accountant,,,a0E3h00000041XMEAY,Accountant
a0E3h00000041XXEAY,Proprietor,false,2020-06-11T01:48:18.000+0000,2020-06-11T01:48:18.000+0000,2020-06-11T01:48:18.000+0000,,,false,a0E3h00000041XREAY,Business,,,a0E3h00000041XREAY,Business
a0E3h00000041XaEAI,Sibling,false,2020-06-11T01:48:18.000+0000,2020-06-11T01:48:18.000+0000,2020-06-11T01:48:18.000+0000,,,false,,Sibling,,,,
a0E3h00000041XZEAY,Spouse,false,2020-06-11T01:48:18.000+0000,2020-06-11T01:48:18.000+0000,2020-06-11T01:48:18.000+0000,,,false,,Spouse,,,,
a0E3h00000041XbEAI,Extended Family,false,2020-06-11T01:48:18.000+0000,2020-06-11T01:48:18.000+0000,2020-06-11T01:48:18.000+0000,,,false,,Extended Family,,,,
a0E3h00000041XNEAY,Lawyer,false,2020-06-11T01:48:18.000+0000,2020-06-11T01:48:18.000+0000,2020-06-11T01:48:18.000+0000,,,true,a0E3h00000041XTEAY,Client,,,a0E3h00000041XTEAY,Client
