FinServ__InverseRelationship__c,Id,Errors
a0O3F000003QrPUUA0,a0O3F000003QrPQUA0,
a0O3F000003QrPbUAK,a0O3F000003QrPRUA0,
a0O3F000003QrPfUAK,a0O3F000003QrPSUA0,
a0O3F000003QrPQUA0,a0O3F000003QrPUUA0,
a0O3F000003QrPXUA0,a0O3F000003QrPVUA0,
a0O3F000003QrPaUAK,a0O3F000003QrPWUA0,
a0O3F000003QrPVUA0,a0O3F000003QrPXUA0,
a0O3F000003QrPZUA0,a0O3F000003QrPYUA0,
a0O3F000003QrPYUA0,a0O3F000003QrPZUA0,
a0O3F000003QrPWUA0,a0O3F000003QrPaUAK,
a0O3F000003QrPRUA0,a0O3F000003QrPbUAK,
a0O3F000003QrPSUA0,a0O3F000003QrPfUAK,
